{"roc_auc_score": 0.8857758620689655, "accuracy_score": 0.8852459016393442, "f1_score": 0.8888888888888888}